<monitor>
    <name>EventsInjectorMonitor</name>
    <type>managed</type>
    <description>Run python/javascript extensions without installing runtime environments.</description>
    <monitor-configuration>
    </monitor-configuration>
    <monitor-run-task>
        <execution-style>periodic</execution-style>
        <execution-frequency-in-seconds>60</execution-frequency-in-seconds>
        <name>Events Injector Extension Monitor Run Task</name>
        <display-name>Events Injector Extension Task</display-name>
        <description>Events Injector Extension Task</description>
        <type>java</type>
        <execution-timeout-in-secs>120</execution-timeout-in-secs>
        <task-arguments>
            <argument name="config-file" is-required="true" default-value="monitors/JenkinsPipelineMonitor/config.yml" />
        </task-arguments>
        <java-task>
            <classpath>jenkins-pipeline-monitor.jar</classpath>
            <impl-class>com.appdynamics.extensions.eventsinjector.EventsInjectorMonitor</impl-class>
        </java-task>
    </monitor-run-task>
</monitor>
